business_name,category,niche,address,city,phone,phone_2,website,email,whatsapp,social_media,contact_person,date_collected,source,source_url
Embassy of Spain,"Embassy/Diplomatic","Embassy","Drake Close","Accra","+233 302 77 40 04","","http://www.exteriores.gob.es/Embajadas/ACCRA","","","","","2026-04-05","OSM Overpass API","https://overpass-api.de"
Embassy of Chile,"Embassy/Diplomatic","Embassy","Agbaamo Street 10","Accra","+233 302797942","","https://chile.gob.cl/ghana","","","","","2026-04-05","OSM Overpass API","https://overpass-api.de"
Embassy of Peru,"Embassy/Diplomatic","Embassy","Sir Arku Korsah Road 25","Accra","+233 303 93 81 17","","https://www.gob.pe/embajada-del-peru-en-ghana","","","","","2026-04-05","OSM Overpass API","https://overpass-api.de"
Embassy of Colombia,"Embassy/Diplomatic","Embassy","Sir Arku Korsah Road 25","Accra","+233 302798701","","https://ghana.embajada.gov.co","","","","","2026-04-05","OSM Overpass API","https://overpass-api.de"
Embassy of Mexico,"Embassy/Diplomatic","Embassy","Sir Arku Korsah Road 25","Accra","+233 0302 789 320","","https://chile.gob.cl/ghana","","","","","2026-04-05","OSM Overpass API","https://overpass-api.de"
Embassy of Angola,"Embassy/Diplomatic","Embassy","Agbaamo Street 5","Accra","","","","","","","","2026-04-05","OSM Overpass API","https://overpass-api.de"
Embassy of Zimbabwe,"Embassy/Diplomatic","Embassy","","Accra","","","","","","","","2026-04-05","OSM Overpass API","https://overpass-api.de"
Embassy of Cuba,"Embassy/Diplomatic","Embassy","","Accra","","","","","","","","2026-04-05","OSM Overpass API","https://overpass-api.de"
Embassy of Egypt,"Embassy/Diplomatic","Embassy","","Accra","","","","","","","","2026-04-05","OSM Overpass API","https://overpass-api.de"
Embassy of Brazil,"Embassy/Diplomatic","Embassy","Templesi Lane 1","Accra","+233 302 774908","","","","","","","2026-04-05","OSM Overpass API","https://overpass-api.de"
Embassy of Vatican,"Embassy/Diplomatic","Embassy","","Accra","","","","","","","","2026-04-05","OSM Overpass API","https://overpass-api.de"
Embassy of Saudi Arabia,"Embassy/Diplomatic","Embassy","","Accra","","","","","","","","2026-04-05","OSM Overpass API","https://overpass-api.de"
Embassy of Sudan,"Embassy/Diplomatic","Embassy","","Accra","","","","","","","","2026-04-05","OSM Overpass API","https://overpass-api.de"
Embassy of Ethiopia,"Embassy/Diplomatic","Embassy","","Accra","","","","","","","","2026-04-05","OSM Overpass API","https://overpass-api.de"
Embassy of Liberia,"Embassy/Diplomatic","Embassy","Odoi Kwao Street 34","Accra","+233 302775641","","","","","","","2026-04-05","OSM Overpass API","https://overpass-api.de"
Embassy of Palestine,"Embassy/Diplomatic","Embassy","","Accra","","","","","","","","2026-04-05","OSM Overpass API","https://overpass-api.de"
Embassy of Iran,"Embassy/Diplomatic","Embassy","","Accra","","","","","","","","2026-04-05","OSM Overpass API","https://overpass-api.de"
Embassy of Senegal,"Embassy/Diplomatic","Embassy","","Accra","","","","","","","","2026-04-05","OSM Overpass API","https://overpass-api.de"
Chinese Embassy,"Embassy/Diplomatic","Embassy","Agostino Neto Road No. 08","Accra","","","","","","","","2026-04-05","OSM Overpass API","https://overpass-api.de"
Republic of Benin Embassy,"Embassy/Diplomatic","Embassy","","Accra","","","","","","","","2026-04-05","OSM Overpass API","https://overpass-api.de"
Embassy of Equatorial Guinea,"Embassy/Diplomatic","Embassy","","Accra","","","","","","","","2026-04-05","OSM Overpass API","https://overpass-api.de"
Sierra Leone High Commissioner,"Embassy/Diplomatic","High Commission","","Accra","","","","","","","","2026-04-05","OSM Overpass API","https://overpass-api.de"
High Commission of the Republic of Zambia,"Embassy/Diplomatic","High Commission","","Accra","","","","","","","","2026-04-05","OSM Overpass API","https://overpass-api.de"
Namibia High Commission,"Embassy/Diplomatic","High Commission","","Accra","","","","","","","","2026-04-05","OSM Overpass API","https://overpass-api.de"
Royal Norwegian Consulate General,"Embassy/Diplomatic","Consulate","","Accra","","","","","","","","2026-04-05","OSM Overpass API","https://overpass-api.de"
Indonesia Consulate,"Embassy/Diplomatic","Consulate","","Accra","","","","","","","","2026-04-05","OSM Overpass API","https://overpass-api.de"
Embassy of Morocco,"Embassy/Diplomatic","Embassy","","Accra","","","","","","","","2026-04-05","OSM Overpass API","https://overpass-api.de"
Honorary Consulate of Ireland,"Embassy/Diplomatic","Honorary Consulate","Airport By-Pass 13","Accra","+233 30 251 8112","","","len.comerford@honoraryconsul.ie","","","","2026-04-05","OSM Overpass API","https://overpass-api.de"
Embassy of Peru Honorary Consulate,"Embassy/Diplomatic","Honorary Consulate","","Accra","","","","","","","","2026-04-05","OSM Overpass API","https://overpass-api.de"
Residence of the Ambassador of Iran,"Embassy/Diplomatic","Ambassador Residence","","Accra","","","","","","","","2026-04-05","OSM Overpass API","https://overpass-api.de"
Residence of the Ambassador of Russia,"Embassy/Diplomatic","Ambassador Residence","","Accra","","","","","","","","2026-04-05","OSM Overpass API","https://overpass-api.de"
Residence of the Ambassador of Germany,"Embassy/Diplomatic","Ambassador Residence","","Accra","","","","","","","","2026-04-05","OSM Overpass API","https://overpass-api.de"
Residence of the Ambassador of Italy,"Embassy/Diplomatic","Ambassador Residence","","Accra","","","","","","","","2026-04-05","OSM Overpass API","https://overpass-api.de"
Residence of the Ambassador of Cuba,"Embassy/Diplomatic","Ambassador Residence","","Accra","","","","","","","","2026-04-05","OSM Overpass API","https://overpass-api.de"
Residence of the Ambassador of Angola,"Embassy/Diplomatic","Ambassador Residence","","Accra","","","","","","","","2026-04-05","OSM Overpass API","https://overpass-api.de"
Residence of the Ambassador of Zimbabwe,"Embassy/Diplomatic","Ambassador Residence","","Accra","","","","","","","","2026-04-05","OSM Overpass API","https://overpass-api.de"
Residence of the Ambassador of Czech Republic,"Embassy/Diplomatic","Ambassador Residence","","Accra","","","","","","","","2026-04-05","OSM Overpass API","https://overpass-api.de"
Residence of the Ambassador of Ethiopia,"Embassy/Diplomatic","Ambassador Residence","","Accra","","","","","","","","2026-04-05","OSM Overpass API","https://overpass-api.de"
Residence of the Ambassador of Zambia,"Embassy/Diplomatic","High Commissioner Residence","","Accra","","","","","","","","2026-04-05","OSM Overpass API","https://overpass-api.de"
Tullow Ghana Limited,"Corporate/Company","Oil & Gas","George Bush Highway 71","Accra","","","","","","","","2026-04-05","OSM Overpass API","https://overpass-api.de"
Deloitte,"Corporate/Company","Professional Services/Consulting","George Bush Highway","Accra","","","","","","","","2026-04-05","OSM Overpass API","https://overpass-api.de"
Gold Fields Exploration,"Corporate/Company","Mining","","Accra","","","","","","","","2026-04-05","OSM Overpass API","https://overpass-api.de"
Sandvik,"Corporate/Company","Mining & Construction","","Accra","","","","","","","","2026-04-05","OSM Overpass API","https://overpass-api.de"
Loreal West Afrika,"Corporate/Company","Beauty/Cosmetics","","Accra","","","","","","","","2026-04-05","OSM Overpass API","https://overpass-api.de"
GEODRILL,"Corporate/Company","Mining Drilling","Airport Residential Area","Accra","","","","","","","","2026-04-05","GreenViews Article","https://greenviewsresidential.com/10-companies-in-airport-residential-area-accra/"
Roche Products,"Corporate/Company","Pharmaceuticals","Airport Residential Area","Accra","","","","","","","","2026-04-05","GreenViews Article","https://greenviewsresidential.com/10-companies-in-airport-residential-area-accra/"
AEL Mining Services,"Corporate/Company","Mining Services","Airport Residential Area","Accra","","","","","","","","2026-04-05","GreenViews Article","https://greenviewsresidential.com/10-companies-in-airport-residential-area-accra/"
GIZ (German Development Cooperation),"NGO/Development","Development Agency","Volta Road","Accra","+233 302 760 448","","https://www.giz.de/ghana","","","","","2026-04-05","OSM Overpass API","https://overpass-api.de"
Ghana Gas (GNGC),"Corporate/Company","Oil & Gas","Airport Residential Area","Accra","","","","","","","","2026-04-05","GreenViews Article","https://greenviewsresidential.com/10-companies-in-airport-residential-area-accra/"
Knight Piesold Consulting,"Corporate/Company","Engineering Consulting","Airport Residential Area","Accra","","","","","","","","2026-04-05","GreenViews Article","https://greenviewsresidential.com/10-companies-in-airport-residential-area-accra/"
Injaro Investments Limited,"Corporate/Company","Investment","Airport Residential Area","Accra","","","","","","","","2026-04-05","GreenViews Article","https://greenviewsresidential.com/10-companies-in-airport-residential-area-accra/"
IRC Ghana,"NGO/Development","WASH NGO","Airport Residential Area","Accra","","","","","","","","2026-04-05","GreenViews Article","https://greenviewsresidential.com/10-companies-in-airport-residential-area-accra/"
Rolider,"Corporate/Company","Civil Engineering/Construction","Airport Residential Area","Accra","","","","","","","","2026-04-05","GreenViews Article","https://greenviewsresidential.com/10-companies-in-airport-residential-area-accra/"
B.O.S.T,"Corporate/Company","Bulk Oil Storage & Transport","","Accra","","","","","","","","2026-04-05","OSM Overpass API","https://overpass-api.de"
Yara,"Corporate/Company","Agriculture/Chemicals","","Accra","","","","","","","","2026-04-05","OSM Overpass API","https://overpass-api.de"
Energoprojekt,"Corporate/Company","Engineering","","Accra","","","","","","","","2026-04-05","OSM Overpass API","https://overpass-api.de"
Orica,"Corporate/Company","Mining Services","","Accra","","","","","","","","2026-04-05","OSM Overpass API","https://overpass-api.de"
Coscharis,"Corporate/Company","Automotive","","Accra","","","","","","","","2026-04-05","OSM Overpass API","https://overpass-api.de"
AKSA Group,"Corporate/Company","Corporate","","Accra","","","","","","","","2026-04-05","OSM Overpass API","https://overpass-api.de"
AGSS Canada,"Corporate/Company","Corporate","","Accra","","","","","","","","2026-04-05","OSM Overpass API","https://overpass-api.de"
Aguila Holdings,"Corporate/Company","Holdings/Investment","Y21A Agostinho Neto Rd","Accra","+233 55 130 3591","","https://www.aguilaholdings.com/","","","","","2026-04-05","OSM Overpass API","https://overpass-api.de"
Sourcestream Ltd,"Corporate/Company","IT/Technology","","Accra","","","","","","","","2026-04-05","OSM Overpass API","https://overpass-api.de"
Capital Place,"Corporate/Company","Corporate","","Accra","","","","","","","","2026-04-05","OSM Overpass API","https://overpass-api.de"
Stellar Logistics - Catering,"Corporate/Company","Logistics/Catering","","Accra","","","","","","","","2026-04-05","OSM Overpass API","https://overpass-api.de"
Dollar & Dream,"Corporate/Company","Corporate","","Accra","","","","","","","","2026-04-05","OSM Overpass API","https://overpass-api.de"
Air Commerce Forex Office,"Corporate/Company","Forex Bureau","","Accra","","","","","","","","2026-04-05","OSM Overpass API","https://overpass-api.de"
Zylofon Cash,"Corporate/Company","Financial Services","","Accra","","","","","","","","2026-04-05","OSM Overpass API","https://overpass-api.de"
expressPay GH,"Corporate/Company","Fintech/Payments","Senchi Street 12","Accra","+233 30 700 0503","","https://expresspaygh.com","info@expresspaygh.com","","","","2026-04-05","OSM Overpass API","https://overpass-api.de"
Bellevue Sovereign Partners,"Business Services","Business Services","Airport Residential Area","Accra","+233 050 984 7823","","https://www.ghanabusinessweb.com/accra-airport_residential_area-business_services-bellevue_sovereign_partners-17825.html","","","","","2026-04-05","GhanaBusinessWeb","https://www.ghanabusinessweb.com"
Forever Living Products,"Business Services","Health & Wellness/MLM","Airport Residential Area","Accra","+233 024 955 4047","","https://www.ghanabusinessweb.com/accra-airport_residential_area-business_networking-forever_living_products-13094.html","","","","","2026-04-05","GhanaBusinessWeb","https://www.ghanabusinessweb.com"
Afro Orient Co. Ltd,"Business Services","Trading","Airport Residential Area","Accra","+233 277 2526","","https://www.ghanabusinessweb.com/accra-airport_residential_area-business_services-afro_orient_co_ltd-7680.html","","","","","2026-04-05","GhanaBusinessWeb","https://www.ghanabusinessweb.com"
The Koncierge,"Business Services","Concierge Services","Airport Residential Area","Accra","+233 302 768 447","","https://www.ghanabusinessweb.com/accra-airport_residential_area-business_services-the_koncierge-7937.html","","","","","2026-04-05","GhanaBusinessWeb","https://www.ghanabusinessweb.com"
Caribbean Atlantic Holdings,"Business Services","Holdings/Investment","Airport Residential Area","Accra","+233 240 318 185","","https://www.ghanabusinessweb.com/accra-airport_residential_area-business_services-caribbean_atlantic_holdings-7709.html","","","","","2026-04-05","GhanaBusinessWeb","https://www.ghanabusinessweb.com"
Centre for Management & Employee Training (CMET),"Business Services","Training/Consulting","Airport Residential Area","Accra","+233 302 763 335","","https://www.ghanabusinessweb.com/accra-airport_residential_area-business_services-centre_for_management_amp_employee_train-7716.html","","","","","2026-04-05","GhanaBusinessWeb","https://www.ghanabusinessweb.com"
Genuine Products Ltd,"Business Services","Trading","Airport Residential Area","Accra","+233 204 371 633","","https://www.ghanabusinessweb.com/accra-airport_residential_area-business_services-genuine_products_ltd-7797.html","","","","","2026-04-05","GhanaBusinessWeb","https://www.ghanabusinessweb.com"
Renaissance Africa Group,"Business Services","Investment/Group","Airport Residential Area","Accra","+233 302 775 812","","https://www.ghanabusinessweb.com/accra-airport_residential_area-business_services-renaissance_africa_group-7879.html","","","","","2026-04-05","GhanaBusinessWeb","https://www.ghanabusinessweb.com"
Ani May Solutions,"Business Services","Business Solutions","Airport Residential Area","Accra","+233 264 387 511","","https://www.ghanabusinessweb.com/accra-airport_residential_area-business_services-ani_may_solutions-7644.html","","","","","2026-04-05","GhanaBusinessWeb","https://www.ghanabusinessweb.com"
SRK Consulting,"Business Services","Mining/Engineering Consulting","Airport Residential Area","Accra","+233 208 846 603","","https://www.ghanabusinessweb.com/accra-airport_residential_area-business_services-srk_consulting-7919.html","","","","","2026-04-05","GhanaBusinessWeb","https://www.ghanabusinessweb.com"
BDC Consulting,"Business Services","Business Consulting","Airport Residential Area","Accra","+233 302 777 165","","https://www.ghanabusinessweb.com/accra-airport_residential_area-business_services-bdc_consulting-7672.html","","","","","2026-04-05","GhanaBusinessWeb","https://www.ghanabusinessweb.com"
UNESCO,"NGO/Development","UN Agency","","Accra","","","","","","","","2026-04-05","OSM Overpass API","https://overpass-api.de"
JICA Ghana Office,"NGO/Development","International Development","","Accra","+233 302760781","","https://www.jica.go.jp/ghana/english/office/index.html","","","","","2026-04-05","OSM Overpass API","https://overpass-api.de"
World Health Organization Accra,"NGO/Development","UN Agency/Health","","Accra","","","","","","","","2026-04-05","OSM Overpass API","https://overpass-api.de"
Ghana Red Cross,"NGO/Development","Humanitarian","","Accra","","","","","","","","2026-04-05","OSM Overpass API","https://overpass-api.de"
The University of Nottingham West Africa Liaison Office,"Corporate/Company","Education/University","Sir Arku Korsah Road","Accra","","","","","","","","2026-04-05","OSM Overpass API","https://overpass-api.de"
Ogilvy & Mather Ghana,"Corporate/Company","Advertising Agency","","Accra","","","","","","","","2026-04-05","OSM Overpass API","https://overpass-api.de"
National Service Office,"Government","Government Agency","Patrice Lumumba Road 46","Accra","+233 302 772714","","https://nss.gov.gh/","","","","","2026-04-05","OSM Overpass API","https://overpass-api.de"
Bank of Ghana,"Government","Central Bank","","Accra","","","","","","","","2026-04-05","OSM Overpass API","https://overpass-api.de"
Ghana Education Trust Fund,"Government","Government Agency","","Accra","","","","","","","","2026-04-05","OSM Overpass API","https://overpass-api.de"
Food and Drugs Authority FDA,"Government","Regulatory Agency","","Accra","","","","","","","","2026-04-05","OSM Overpass API","https://overpass-api.de"
Nurses and Midwifery Council,"Government","Regulatory Body","30 Adamafio Crescent 30","Accra","+233 30 252 2909","","https://www.nmc.gov.gh/","","","","","2026-04-05","OSM Overpass API","https://overpass-api.de"
Ghana Standards Authority Head Office,"Government","Standards Body","","Accra","","","","","","","","2026-04-05","OSM Overpass API","https://overpass-api.de"
National Identification Authority,"Government","Government Agency","","Accra","","","","","","","","2026-04-05","OSM Overpass API","https://overpass-api.de"
The West African Examination Council Headquarters,"Government","Education/Examinations","","Accra","","","","","","","","2026-04-05","OSM Overpass API","https://overpass-api.de"
Ghana Institution of Surveyors GhIS,"Government","Professional Body","","Accra","","","","","","","","2026-04-05","OSM Overpass API","https://overpass-api.de"
National Pensions Regulatory Authority (NPRA),"Government","Regulatory Body","Liberation Road","Accra","","","https://www.npra.gov.gh","","","","","2026-04-05","OSM Overpass API","https://overpass-api.de"
Rwanda High Commission,"Government","High Commission","Nii Nortei Nyanchi St 1","Accra","","","","","","","","2026-04-05","OSM Overpass API","https://overpass-api.de"
The Ghana Chamber of Mines,"Government","Industry Body","Gulf Street","Accra","","","","","","","","2026-04-05","OSM Overpass API","https://overpass-api.de"
Department of Feeder Roads Accra Regional Office,"Government","Government Agency","","Accra","","","","","","","","2026-04-05","OSM Overpass API","https://overpass-api.de"
Community of Water and Sanitation Agency,"Government","Government Agency","","Accra","","","","","","","","2026-04-05","OSM Overpass API","https://overpass-api.de"
SSNIT,"Government/Insurance","Social Security","Airport by pass road","Accra","+233302611622","","https://www.ssnit.org.gh/","","","","","2026-04-05","OSM Overpass API","https://overpass-api.de"
Kulendi Amponsah Attafuah Law,"Legal","Law Firm","","Accra","","","","","","","","2026-04-05","OSM Overpass API","https://overpass-api.de"
Verum Law Group PRUC,"Legal","Law Firm","","Accra","","","","","","","","2026-04-05","OSM Overpass API","https://overpass-api.de"
StarLife Insurance,"Financial Services","Insurance","","Accra","","","","","","","","2026-04-05","OSM Overpass API","https://overpass-api.de"
SIC Insurance,"Financial Services","Insurance","","Accra","","","","","","","","2026-04-05","OSM Overpass API","https://overpass-api.de"
Entreprise Group,"Financial Services","Insurance","Patrice Lumumba Road 47","Accra","","","","","","","","2026-04-05","OSM Overpass API","https://overpass-api.de"
ea Equity Assurance Ltd,"Financial Services","Insurance","","Accra","","","","","","","","2026-04-05","OSM Overpass API","https://overpass-api.de"
Millenium Insurance,"Financial Services","Insurance","","Accra","","","","","","","","2026-04-05","OSM Overpass API","https://overpass-api.de"
GT Bank,"Financial Services","Banking","","Accra","","","","","","","","2026-04-05","OSM Overpass API","https://overpass-api.de"
Absa Bank,"Financial Services","Banking","","Accra","+233 57 770 2032","","https://www.absa.com.gh","","","","","2026-04-05","OSM Overpass API","https://overpass-api.de"
Fidelity Bank,"Financial Services","Banking","","Accra","","","","","","","","2026-04-05","OSM Overpass API","https://overpass-api.de"
CalBank,"Financial Services","Banking","","Accra","+233 24 340 0364;+233 24 340 0267","","https://calbank.net","","","","","2026-04-05","OSM Overpass API","https://overpass-api.de"
Société Générale Ghana,"Financial Services","Banking","","Accra","","","https://societegenerale.com.gh/","","","","","2026-04-05","OSM Overpass API","https://overpass-api.de"
Stanbic Bank,"Financial Services","Banking","","Accra","","","","","","","","2026-04-05","OSM Overpass API","https://overpass-api.de"
Ecobank,"Financial Services","Banking","Spintex Road","Accra","+233 30 282 3053;+233 30 282 3054","","https://ecobank.com/gh/","","","","","2026-04-05","OSM Overpass API","https://overpass-api.de"
First National Bank,"Financial Services","Banking","Spintex Road","Accra","+233 24 243 5050","","https://www.firstnationalbank.com.gh","","","","","2026-04-05","OSM Overpass API","https://overpass-api.de"
GCB Bank,"Financial Services","Banking","","Accra","","","","","","","","2026-04-05","OSM Overpass API","https://overpass-api.de"
Bank of Africa,"Financial Services","Banking","","Accra","+233 30 276 5624;+233 30 276 5653","","https://boaghana.com/","","","","","2026-04-05","OSM Overpass API","https://overpass-api.de"
UBA,"Financial Services","Banking","","Accra","","","","","","","","2026-04-05","OSM Overpass API","https://overpass-api.de"
First Atlantic Bank,"Financial Services","Banking","","Accra","","","","","","","","2026-04-05","OSM Overpass API","https://overpass-api.de"
ADB (Agricultural Development Bank),"Financial Services","Banking","Gulf Street","Accra","+233 030 250 6201;+233 030 250 6202;+233 030 250 6203","","","","","","","2026-04-05","OSM Overpass API","https://overpass-api.de"
GHL Bank,"Financial Services","Banking","","Accra","","","","","","","","2026-04-05","OSM Overpass API","https://overpass-api.de"
ProCredit Bank,"Financial Services","Banking","","Accra","","","","","","","","2026-04-05","OSM Overpass API","https://overpass-api.de"
CredAbility Investment and Microfinance,"Financial Services","Microfinance","","Accra","","","","","","","","2026-04-05","OSM Overpass API","https://overpass-api.de"
Universal Merchant Bank Head Office,"Financial Services","Banking","","Accra","","","","","","","","2026-04-05","OSM Overpass API","https://overpass-api.de"
NIB,"Financial Services","Banking","Spintex Road","Accra","","","","","","","","2026-04-05","OSM Overpass API","https://overpass-api.de"
Standard Chartered ATM,"Financial Services","Banking","Tetteh Quarshie Interchange","Accra","+233 30 263 3428;+233 30 274 0100","","https://www.sc.com/gh","","","","","2026-04-05","OSM Overpass API","https://overpass-api.de"
AT Ghana,"Telecommunications","Telecom Operator","","Accra","+233 26 000 0100","","https://www.at.com.gh/","","","","","2026-04-05","OSM Overpass API","https://overpass-api.de"
MTN Service Centre,"Telecommunications","Telecom Operator","Spintex Road","Accra","+233 24 430 0000","","https://mtn.com.gh/","","","","","2026-04-05","OSM Overpass API","https://overpass-api.de"
Telecel (Vodafone),"Telecommunications","Telecom Operator","Tetteh Quarshie Interchange","Accra","+233 50 555 5111","","https://telecel.com.gh","","","","","2026-04-05","OSM Overpass API","https://overpass-api.de"
Huawei,"Telecommunications","Telecom/Technology","","Accra","+233558222220","","","","","","","2026-04-05","OSM Overpass API","https://overpass-api.de"
iShop,"Retail","Mobile Phone Retail","","Accra","+233544336856","","","","","","","2026-04-05","OSM Overpass API","https://overpass-api.de"
Electronics Hub,"Retail","Mobile Phone Retail","","Accra","+233558202424","","","","","","","2026-04-05","OSM Overpass API","https://overpass-api.de"
Compu Ghana,"Retail","Computer Retail","","Accra","","","","","","","","2026-04-05","OSM Overpass API","https://overpass-api.de"
Shoprite,"Retail","Supermarket","","Accra","+233302823020","","","","","","","2026-04-05","OSM Overpass API","https://overpass-api.de"
Koala Shopping Centre,"Retail","Supermarket","","Accra","","","","","","","","2026-04-05","OSM Overpass API","https://overpass-api.de"
Diplomatic Shop,"Retail","Supermarket","","Accra","","","","","","","","2026-04-05","OSM Overpass API","https://overpass-api.de"
Melcom,"Retail","Supermarket","","Accra","","","https://melcom.com","","","","","2026-04-05","OSM Overpass API","https://overpass-api.de"
Maa Gina,"Retail","Supermarket","","Accra","","","","","","","","2026-04-05","OSM Overpass API","https://overpass-api.de"
Decathlon,"Retail","Sports Retail","Accra Mall","Accra","","","","","","","","2026-04-05","OSM Overpass API","https://overpass-api.de"
DSTv,"Retail","TV/Satellite Retail","","Accra","","","","","","","","2026-04-05","OSM Overpass API","https://overpass-api.de"
Tata Motors,"Retail","Automotive Retail","","Accra","","","","","","","","2026-04-05","OSM Overpass API","https://overpass-api.de"
Dominguez,"Retail","Clothing","","Accra","","","","","","","","2026-04-05","OSM Overpass API","https://overpass-api.de"
Woodin,"Retail","Clothing/African Fashion","","Accra","+233 50 356 4899","","","","","","","2026-04-05","OSM Overpass API","https://overpass-api.de"
Payless ShoeSource,"Retail","Shoe Retail","","Accra","","","","","","","","2026-04-05","OSM Overpass API","https://overpass-api.de"
Casa Trasacco,"Retail","Furniture","","Accra","","","","","","","","2026-04-05","OSM Overpass API","https://overpass-api.de"
Butcher Boyz,"Retail","Butcher/Prestige Trade","Dodi Link 17","Accra","+233243760721","","http://www.prestige-trade.com/butcherboyz.html","","","","","2026-04-05","OSM Overpass API","https://overpass-api.de"
Asandel Garden Centre,"Retail","Garden Centre","","Accra","","","","","","","","2026-04-05","OSM Overpass API","https://overpass-api.de"
Asandel Garden Center,"Retail","Florist","","Accra","+233208114831","","","","","","","2026-04-05","OSM Overpass API","https://overpass-api.de"
Scentopia,"Retail","Perfumery","","Accra","","","","","","","","2026-04-05","OSM Overpass API","https://overpass-api.de"
Tax & Duty Free,"Retail","Duty Free Shopping","","Accra","","","","","","","","2026-04-05","OSM Overpass API","https://overpass-api.de"
Accra Duty Free,"Retail","Duty Free Shopping","","Accra","","","","","","","","2026-04-05","OSM Overpass API","https://overpass-api.de"
805 Restaurants,"Food & Beverage","Restaurant","","Accra","+233 201805 805","","https://805restaurants.com","","","","","2026-04-05","OSM Overpass API","https://overpass-api.de"
Imperial Peking / Imperial Peking Chinese Restaurant,"Food & Beverage","Chinese Restaurant","","Accra","","","","","","","","2026-04-05","OSM Overpass API","https://overpass-api.de"
La Chaumière,"Food & Beverage","Restaurant","","Accra","","","","","","","","2026-04-05","OSM Overpass API","https://overpass-api.de"
Santoku,"Food & Beverage","Japanese/Asian Restaurant","Airport West Road","Accra","","","","","","","","2026-04-05","OSM Overpass API","https://overpass-api.de"
Maestro,"Food & Beverage","Restaurant","","Accra","","","","","","","","2026-04-05","OSM Overpass API","https://overpass-api.de"
The Landing Restaurant,"Food & Beverage","Restaurant","","Accra","","","","","","","","2026-04-05","OSM Overpass API","https://overpass-api.de"
Alwaaba Lounge,"Food & Beverage","Restaurant/Lounge","","Accra","","","","","","","","2026-04-05","OSM Overpass API","https://overpass-api.de"
Adinkra Lounge,"Food & Beverage","Restaurant/Lounge","","Accra","","","","","","","","2026-04-05","OSM Overpass API","https://overpass-api.de"
Sanbra Lounge,"Food & Beverage","Restaurant/Lounge","","Accra","","","","","","","","2026-04-05","OSM Overpass API","https://overpass-api.de"
Barcelos,"Food & Beverage","Restaurant","","Accra","+23320435580","","","","","","","2026-04-05","OSM Overpass API","https://overpass-api.de"
Le Must Family Restaurant,"Food & Beverage","Family Restaurant","","Accra","","","","","","","","2026-04-05","OSM Overpass API","https://overpass-api.de"
Royal Rose,"Food & Beverage","Restaurant","","Accra","","","","","","","","2026-04-05","OSM Overpass API","https://overpass-api.de"
Chop Italy,"Food & Beverage","Restaurant","","Accra","+233 30 282 3285","","","","","","","2026-04-05","OSM Overpass API","https://overpass-api.de"
Illy,"Food & Beverage","Restaurant","","Accra","","","","","","","","2026-04-05","OSM Overpass API","https://overpass-api.de"
Josie's Cuppa Cappuccino,"Food & Beverage","Cafe","","Accra","","","","","","","","2026-04-05","OSM Overpass API","https://overpass-api.de"
D Cafe,"Food & Beverage","Cafe","","Accra","","","","","","","","2026-04-05","OSM Overpass API","https://overpass-api.de"
Ci Gusta,"Food & Beverage","Cafe","","Accra","","","","","","","","2026-04-05","OSM Overpass API","https://overpass-api.de"
Vida e Caffè,"Food & Beverage","Cafe","","Accra","","","","","","","","2026-04-05","OSM Overpass API","https://overpass-api.de"
Big Al's,"Food & Beverage","Bar","Kofi Atta Annan Street","Accra","","","","","","","","2026-04-05","OSM Overpass API","https://overpass-api.de"
Sky Bar 25,"Food & Beverage","Bar/Lounge","N 16 N Airport Rd","Accra","","","","","","","","2026-04-05","OSM Overpass API","https://overpass-api.de"
Aphrodisiac Night Club,"Food & Beverage","Nightclub","","Accra","","","","","","","","2026-04-05","OSM Overpass API","https://overpass-api.de"
Old Poki,"Food & Beverage","Pub","","Accra","","","","","","","","2026-04-05","OSM Overpass API","https://overpass-api.de"
KFC Accra Mall,"Food & Beverage","Fast Food","","Accra","","","https://www.kfc.com.gh/en/store-locator/kfc_accra_mall","","","","","2026-04-05","OSM Overpass API","https://overpass-api.de"
Burger King,"Food & Beverage","Fast Food","","Accra","","","","","","","","2026-04-05","OSM Overpass API","https://overpass-api.de"
Eddys Pizza,"Food & Beverage","Fast Food/Pizza","","Accra","","","","","","","","2026-04-05","OSM Overpass API","https://overpass-api.de"
Pizza Inn,"Food & Beverage","Fast Food/Pizza","","Accra","","","","","","","","2026-04-05","OSM Overpass API","https://overpass-api.de"
Chicken Inn,"Food & Beverage","Fast Food","","Accra","","","","","","","","2026-04-05","OSM Overpass API","https://overpass-api.de"
Little Paris,"Food & Beverage","Fast Food","","Accra","","","","","","","","2026-04-05","OSM Overpass API","https://overpass-api.de"
Basilissa,"Food & Beverage","Fast Food","","Accra","+233544577777","","","","","","","2026-04-05","OSM Overpass API","https://overpass-api.de"
The Hands of God,"Food & Beverage","Fast Food","","Accra","","","","","","","","2026-04-05","OSM Overpass API","https://overpass-api.de"
Madam Rahi VIP Koko Joint,"Food & Beverage","Fast Food","","Accra","","","","","","","","2026-04-05","OSM Overpass API","https://overpass-api.de"
Shell Fuel Station,"Energy","Fuel Station","","Accra","","","","","","","","2026-04-05","OSM Overpass API","https://overpass-api.de"
Tunnel Lounge,"Food & Beverage","Lounge/Restaurant","Airport Residential Area","Accra","","","https://thetunnellounge.com/contact-us/","","","","","2026-04-05","DuckDuckGo Search","https://html.duckduckgo.com"
Polo Club Restaurant & Lounge,"Food & Beverage","Restaurant/Lounge","Airport Residential Area","Accra","","","https://assets.ofadaa.com/accra/restaurants/polo-club-restaurant-lounge","","","","","2026-04-05","DuckDuckGo Search","https://html.duckduckgo.com"
Churchill Lounge Bar and Restaurant,"Food & Beverage","Bar/Restaurant","Airport Residential Area","Accra","","","","","https://www.instagram.com/churchillloungeghana/","","","2026-04-05","DuckDuckGo Search","https://html.duckduckgo.com"
La Maison Restaurant & Lounge,"Food & Beverage","French Fine Dining","Airport Residential Area","Accra","","","https://travelbitesghana.com/post/la-maison-restaurant-lounge-french-fine-dining-in-accra-ghana/","","","","","2026-04-05","DuckDuckGo Search","https://html.duckduckgo.com"
XL-Accra's Exclusive Lounge,"Food & Beverage","Lounge","Airport Residential Area","Accra","","","https://www.ghanabusinessweb.com/accra-airport_residential_area-bars-xl_accra_s_exclusive_lounge-4675.html","","","","","2026-04-05","DuckDuckGo Search","https://html.duckduckgo.com"
Airside Hotel,"Hospitality","Hotel","","Accra","+233 21 760480 / 783844","","https://airsidehotel.com.gh/","","","","","2026-04-05","OSM Overpass API","https://overpass-api.de"
Accra Marriott Hotel,"Hospitality","Hotel","","Accra","+233 30 273 8000","","https://www.marriott.com/en-us/hotels/accmc-accra-marriott-hotel/overview/","","","","","2026-04-05","OSM Overpass API","https://overpass-api.de"
Esther's Hotel,"Hospitality","Hotel","","Accra","","","https://www.esthers-hotel.com/","","","","","2026-04-05","OSM Overpass API","https://overpass-api.de"
Villa Monticello,"Hospitality","Hotel","","Accra","","","","","","","","2026-04-05","OSM Overpass API","https://overpass-api.de"
The Palms By Eagles Accra,"Hospitality","Hotel","Patrice Lumumba Road","Accra","+233 556 616 100","","https://www.eaglesghana.com/the-palms-by-eagles","","","","","2026-04-05","OSM Overpass API","https://overpass-api.de"
Kwarleyz Residence,"Hospitality","Hotel/Serviced Apartments","Kofi Atta Annan Street 15","Accra","","","https://www.the-ascott.com/en/ghana/accra/kwarleyz-residence-accra.html","","","","","2026-04-05","OSM Overpass API","https://overpass-api.de"
Sky Suites Airport Residential,"Hospitality","Hotel","Kofi Annan St 14","Accra","0270997700","","www.skysuites.pro","","","","","2026-04-05","OSM Overpass API","https://overpass-api.de"
Villaggio/Villagio Hotel,"Hospitality","Hotel","","Accra","+233 302 785821","","http://www.villaggiovista.com/","","","","","2026-04-05","OSM Overpass API","https://overpass-api.de"
African Regent Hotel,"Hospitality","Hotel","","Accra","","","","","","","","2026-04-05","OSM Overpass API","https://overpass-api.de"
Oak Plaza Hotel East Airport,"Hospitality","Hotel","Spintex Road","Accra","","","https://www.oakplazahotel.com/","","","","","2026-04-05","OSM Overpass API","https://overpass-api.de"
Best Western Premier Airport Hotel,"Hospitality","Hotel","","Accra","","","","","","","","2026-04-05","OSM Overpass API","https://overpass-api.de"
Airport View Hotel,"Hospitality","Hotel","","Accra","","","","","","","","2026-04-05","OSM Overpass API","https://overpass-api.de"
Airport West Hotel,"Hospitality","Hotel","","Accra","","","","","","","","2026-04-05","OSM Overpass API","https://overpass-api.de"
Airport Grande Hotel,"Hospitality","Hotel","","Accra","","","","","","","","2026-04-05","OSM Overpass API","https://overpass-api.de"
Lavender Lodge,"Hospitality","Hotel","","Accra","","","","","","","","2026-04-05","OSM Overpass API","https://overpass-api.de"
Court Gardens Hotel,"Hospitality","Hotel","","Accra","","","","","","","","2026-04-05","OSM Overpass API","https://overpass-api.de"
Ibis Styles Hotel,"Hospitality","Hotel","","Accra","","","","","","","","2026-04-05","OSM Overpass API","https://overpass-api.de"
The Cabin Hotel,"Hospitality","Hotel","","Accra","","","https://www.thecabinhotelgh.com/contact-uss/","","","","","2026-04-05","OSM Overpass API + DuckDuckGo","https://overpass-api.de"
Parker Airport Resort,"Hospitality","Guest House","","Accra","","","","","","","","2026-04-05","OSM Overpass API","https://overpass-api.de"
Grand Mirage Luxury Residence,"Real Estate","Luxury Residence","Airport Residential Area","Accra","","","https://www.grandmirage.com.gh/contact/","","","","","2026-04-05","DuckDuckGo Search","https://html.duckduckgo.com"
Euphoria Accra,"Real Estate","Luxury Apartments","Airport Residential Area","Accra","","","https://www.euphoriaaccra.com/contact","","","","","2026-04-05","DuckDuckGo Search","https://html.duckduckgo.com"
Zenwood,"Real Estate","Real Estate Development","Airport Residential Area","Accra","","","https://www.zenwoodgh.com/","","","","","2026-04-05","DuckDuckGo Search","https://html.duckduckgo.com"
Naz Homes,"Real Estate","Real Estate","Airport Residential Area","Accra","","","https://www.nazhomesgh.co/","","","","","2026-04-05","DuckDuckGo Search","https://html.duckduckgo.com"
Airport Hills,"Real Estate","Real Estate Development","Airport Residential Area","Accra","","","https://airporthills.com/contact/","","","","","2026-04-05","DuckDuckGo Search","https://html.duckduckgo.com"
The Address,"Real Estate","Real Estate","Airport Residential Area","Accra","","","https://theaddress.devtracoplus.com/contact-us/","","","","","2026-04-05","DuckDuckGo Search","https://html.duckduckgo.com"
Cedar Court,"Real Estate","Apartments","Agostino Neto Road","Accra","0269938856","","","","","","","2026-04-05","OSM Overpass API","https://overpass-api.de"
Beaver Clinic,"Healthcare","Dental Clinic","Agostino Neto Road","Accra","+233302771785; +233544352250","0302 771 785","","","","","","2026-04-05","OSM Overpass API","https://overpass-api.de"
Airport Women's Hospital,"Healthcare","Hospital","Kofi Atta Annan Street","Accra","","","","","","","","2026-04-05","OSM Overpass API","https://overpass-api.de"
Claron Health International,"Healthcare","Doctors/Medical","","Accra","","","","","","","","2026-04-05","OSM Overpass API","https://overpass-api.de"
St. Lukes Clinic,"Healthcare","Doctors/Medical","","Accra","","","","","","","","2026-04-05","OSM Overpass API","https://overpass-api.de"
Airport Clinic Limited,"Healthcare","Clinic","","Accra","","","","","","","","2026-04-05","OSM Overpass API","https://overpass-api.de"
Nyaho Clinic,"Healthcare","Hospital","","Accra","","","","","","","","2026-04-05","OSM Overpass API","https://overpass-api.de"
Jinlet Pharmacy,"Healthcare","Pharmacy","","Accra","","","","","","","","2026-04-05","OSM Overpass API","https://overpass-api.de"
Reanie Chemist Limited,"Healthcare","Pharmacy","","Accra","","","","","","","","2026-04-05","OSM Overpass API","https://overpass-api.de"
Liange Beauty Salon,"Beauty & Wellness","Beauty Salon","","Accra","","","","","","","","2026-04-05","OSM Overpass API","https://overpass-api.de"
Escort Security Services,"Corporate/Company","Security Services","K.A. Ofori Atta Road 56","Accra","+233 30 279 7836; +233 54 010 8046","","https://escortsecurity.com.gh/","info@escortsecurity.com.gh","","","","2026-04-05","OSM Overpass API","https://overpass-api.de"
Airport Police Station,"Government","Police","","Accra","","","","","","","","2026-04-05","OSM Overpass API","https://overpass-api.de"
Airport Post Office,"Government","Post Office","kotoka international","Accra","+233 54 252 7004; +233 30 266 8138; +233 57 957 9100","","https://ghanapost.com.gh","","","","","2026-04-05","OSM Overpass API","https://overpass-api.de"
Express Post Delivery Company,"Logistics","Courier/Delivery","kotoka international","Accra","","","https://expresspost.company","","","","","2026-04-05","OSM Overpass API","https://overpass-api.de"
Interpost Delivery Company Ghana Office,"Logistics","Courier/Delivery","Tetteh Quarshie Interchange","Accra","","","https://interpost.company","","","","","2026-04-05","OSM Overpass API","https://overpass-api.de"
A & A Quick Clean,"Services","Dry Cleaning","","Accra","+233 244 812779; +233 244 283 738","","","","","","","2026-04-05","OSM Overpass API","https://overpass-api.de"
Yasore Forex Bureau,"Financial Services","Forex Bureau","","Accra","","","","","","","","2026-04-05","OSM Overpass API","https://overpass-api.de"
Dutch & Co,"Retail","Trading","","Accra","","","","","","","","2026-04-05","OSM Overpass API","https://overpass-api.de"
Rabena,"Retail","Toys","","Accra","","","","","","","","2026-04-05","OSM Overpass API","https://overpass-api.de"
Sam Art,"Retail","Art","","Accra","","","","","","","","2026-04-05","OSM Overpass API","https://overpass-api.de"
Tetteh Quarshie Art Market,"Retail","Art Market","","Accra","","","","","","","","2026-04-05","OSM Overpass API","https://overpass-api.de"
Soccabet,"Entertainment","Sports Betting","","Accra","","","","","","","","2026-04-05","OSM Overpass API","https://overpass-api.de"
YFM,"Media","Radio Station","","Accra","","","","","","","","2026-04-05","OSM Overpass API","https://overpass-api.de"
MTN Mobile Money Agent,"Financial Services","Mobile Money","","Accra","","","","","","","","2026-04-05","OSM Overpass API","https://overpass-api.de"
Marchmont Child Development Centre,"Education","Kindergarten","","Accra","","","","","","","","2026-04-05","OSM Overpass API","https://overpass-api.de"
Cribs N Sandbox,"Education","Kindergarten","","Accra","","","","","","","","2026-04-05","OSM Overpass API","https://overpass-api.de"
Association International School,"Education","International School","","Accra","","","","","","","","2026-04-05","OSM Overpass API","https://overpass-api.de"
Little Hands International School,"Education","International School","","Accra","","","","","","","","2026-04-05","OSM Overpass API","https://overpass-api.de"
Goshen School,"Education","School","","Accra","","","","","","","","2026-04-05","OSM Overpass API","https://overpass-api.de"
Englebert School,"Education","School","","Accra","","","","","","","","2026-04-05","OSM Overpass API","https://overpass-api.de"
Mary Mother of Good Counsel School,"Education","School","","Accra","","","","","","","","2026-04-05","OSM Overpass API","https://overpass-api.de"
Canadian Independent College,"Education","International School","","Accra","","","","","","","","2026-04-05","OSM Overpass API","https://overpass-api.de"
Three Bears School,"Education","School","","Accra","","","","","","","","2026-04-05","OSM Overpass API","https://overpass-api.de"
Fun House Nursery,"Education","Nursery","","Accra","","","","","","","","2026-04-05","OSM Overpass API","https://overpass-api.de"
Accra Mall,"Retail","Shopping Mall","","Accra","","","","","","","","2026-04-05","OSM Overpass API","https://overpass-api.de"
Accra Mall Food Court,"Food & Beverage","Food Court","","Accra","","","","","","","","2026-04-05","OSM Overpass API","https://overpass-api.de"
National Service Bakery,"Food & Beverage","Bakery","","Accra","","","","","","","","2026-04-05","OSM Overpass API","https://overpass-api.de"
Mary Mother of Good Counsel Catholic Church,"Religious","Catholic Church","","Accra","","","","","","","","2026-04-05","OSM Overpass API","https://overpass-api.de"
Hajj Village,"Religious","Islamic Centre","","Accra","","","","","","","","2026-04-05","OSM Overpass API","https://overpass-api.de"
Access Bank ATM,"Financial Services","Banking","","Accra","","","https://www.ghana.accessbankplc.com/","","","","","2026-04-05","OSM Overpass API","https://overpass-api.de"
National Service Bakery,"Food & Beverage","Bakery","","Accra","","","","","","","","2026-04-05","OSM Overpass API","https://overpass-api.de"
Soccabet,"Entertainment","Sports Betting","","Accra","","","","","","","","2026-04-05","OSM Overpass API","https://overpass-api.de"
Untamed Empire,"Entertainment","Museum","Spintex Road","Accra","","","https://www.untamedempire.com/","","","","","2026-04-05","OSM Overpass API","https://overpass-api.de"
